date,open,close,high,low,volume
2014-03-07,19385.0,19350.0,19500.0,19325.0,22374.0
2014-03-10,19230.0,19030.0,19275.0,18925.0,51016.0
2014-03-11,19000.0,18985.0,19130.0,18865.0,22726.0
2014-03-12,18880.0,18820.0,19020.0,18780.0,15926.0
2014-03-13,18850.0,18930.0,19010.0,18760.0,10690.0
2014-03-14,18895.0,18925.0,18960.0,18850.0,7954.0
2014-03-17,18960.0,18960.0,19005.0,18850.0,8764.0
2014-03-18,16120.0,16140.0,16165.0,16115.0,5864.0
2014-03-19,16155.0,16180.0,16270.0,16130.0,7208.0
2014-03-20,16180.0,16185.0,16230.0,16130.0,4562.0
2014-03-21,16170.0,16220.0,16230.0,16150.0,6932.0
2014-03-24,16205.0,16170.0,16210.0,16165.0,3902.0
2014-03-25,16120.0,15980.0,16150.0,15950.0,35496.0
2014-03-26,16025.0,15985.0,16065.0,15960.0,16152.0
2014-03-27,15940.0,15770.0,15940.0,15700.0,48852.0
2014-03-28,15810.0,15800.0,15810.0,15745.0,16582.0
2014-03-31,15805.0,15970.0,16015.0,15800.0,36174.0
2014-04-01,15940.0,15930.0,16010.0,15910.0,15172.0
2014-04-02,15930.0,15860.0,15980.0,15860.0,12826.0
2014-04-03,15815.0,15770.0,15895.0,15765.0,18070.0
2014-04-04,15745.0,15835.0,15840.0,15720.0,24202.0
2014-04-08,15970.0,16210.0,16400.0,15865.0,155958.0
2014-04-09,16225.0,16075.0,16260.0,16055.0,50818.0
2014-04-10,16060.0,16050.0,16140.0,16005.0,57276.0
2014-04-11,16100.0,16110.0,16250.0,16045.0,60140.0
2014-04-14,16200.0,16140.0,16215.0,16115.0,27422.0
2014-04-15,16190.0,16210.0,16225.0,16130.0,29008.0
2014-04-16,16180.0,16235.0,16300.0,16170.0,38384.0
2014-04-17,16255.0,16305.0,16325.0,16230.0,35190.0
2014-04-18,16325.0,16210.0,16330.0,16200.0,27978.0
2014-04-21,16210.0,16050.0,16280.0,16040.0,43484.0
2014-04-22,16030.0,15995.0,16085.0,15920.0,26210.0
2014-04-23,16020.0,15960.0,16045.0,15940.0,12806.0
2014-04-24,15950.0,16050.0,16145.0,15945.0,22998.0
2014-04-25,16050.0,16050.0,16080.0,16010.0,15348.0
2014-04-28,16100.0,16180.0,16195.0,16050.0,43372.0
2014-04-29,16150.0,16105.0,16185.0,16105.0,20862.0
2014-04-30,16165.0,16150.0,16170.0,16115.0,15356.0
2014-05-05,16150.0,16130.0,16225.0,16120.0,26566.0
2014-05-06,16150.0,16035.0,16150.0,16035.0,25404.0
2014-05-07,15995.0,16020.0,16075.0,15990.0,14910.0
2014-05-08,15995.0,16005.0,16055.0,15965.0,12512.0
2014-05-09,16015.0,16025.0,16050.0,15995.0,9070.0
2014-05-12,16010.0,15910.0,16010.0,15905.0,22744.0
2014-05-13,15880.0,15940.0,15970.0,15860.0,15308.0
2014-05-14,15940.0,16055.0,16060.0,15925.0,24066.0
2014-05-15,16025.0,15995.0,16035.0,15960.0,10830.0
2014-05-16,15955.0,15910.0,15985.0,15880.0,20544.0
2014-05-19,15905.0,15820.0,15905.0,15750.0,22188.0
2014-05-20,15800.0,15880.0,15905.0,15790.0,13674.0
2014-05-21,15865.0,15905.0,15970.0,15845.0,20242.0
2014-05-22,15910.0,15870.0,15945.0,15860.0,12732.0
2014-05-23,15830.0,15860.0,15900.0,15780.0,21278.0
2014-05-26,15810.0,15855.0,15880.0,15780.0,26040.0
2014-05-27,15870.0,15825.0,15890.0,15805.0,14518.0
2014-05-28,15800.0,15730.0,15830.0,15710.0,34060.0
2014-05-29,15710.0,15730.0,15760.0,15700.0,14286.0
2014-05-30,15760.0,15710.0,15785.0,15650.0,29186.0
2014-06-03,15710.0,15495.0,15730.0,15480.0,60638.0
2014-06-04,15505.0,15445.0,15550.0,15385.0,45876.0
2014-06-05,15415.0,15340.0,15415.0,15260.0,61088.0
2014-06-06,15320.0,15450.0,15460.0,15315.0,43004.0
2014-06-09,15440.0,15385.0,15470.0,15365.0,16976.0
2014-06-10,15365.0,15475.0,15495.0,15360.0,24686.0
2014-06-11,15475.0,15515.0,15550.0,15470.0,31074.0
2014-06-12,15480.0,15440.0,15490.0,15405.0,15220.0
2014-06-13,15480.0,15455.0,15505.0,15430.0,16136.0
2014-06-16,15465.0,15625.0,15665.0,15460.0,43578.0
2014-06-17,15580.0,15545.0,15580.0,15510.0,22560.0
2014-06-18,15530.0,15395.0,15545.0,15385.0,46302.0
2014-06-19,15400.0,15490.0,15500.0,15400.0,37976.0
2014-06-20,15495.0,15470.0,15495.0,15420.0,20286.0
2014-06-23,15445.0,15485.0,15510.0,15430.0,29734.0
2014-06-24,15505.0,15460.0,15520.0,15445.0,22680.0
2014-06-25,15405.0,15415.0,15435.0,15350.0,41050.0
2014-06-26,15345.0,15370.0,15380.0,15280.0,56070.0
2014-06-27,15325.0,15370.0,15395.0,15325.0,31936.0
2014-06-30,15360.0,15410.0,15435.0,15355.0,32546.0
2014-07-01,15370.0,15255.0,15375.0,15180.0,61596.0
2014-07-02,15250.0,15010.0,15250.0,14905.0,117476.0
2014-07-03,14960.0,14800.0,14960.0,14770.0,121540.0
2014-07-04,14790.0,14850.0,14895.0,14750.0,62838.0
2014-07-07,14820.0,14510.0,14830.0,14490.0,115262.0
2014-07-08,14420.0,14625.0,14655.0,14310.0,154418.0
2014-07-09,14570.0,14520.0,14625.0,14485.0,106168.0
2014-07-10,14465.0,14375.0,14585.0,14330.0,118412.0
2014-07-11,14330.0,14230.0,14375.0,14115.0,178380.0
2014-07-14,14210.0,14230.0,14480.0,14200.0,104688.0
2014-07-15,14280.0,14225.0,14310.0,14180.0,77354.0
2014-07-16,14240.0,14385.0,14440.0,14160.0,167342.0
2014-07-17,14340.0,14340.0,14430.0,14290.0,93378.0
2014-07-18,14345.0,14385.0,14425.0,14275.0,82878.0
2014-07-21,14405.0,14415.0,14470.0,14320.0,92832.0
2014-07-22,14415.0,14585.0,14595.0,14360.0,182874.0
2014-07-23,14600.0,14585.0,14630.0,14490.0,119126.0
2014-07-24,14580.0,14470.0,14600.0,14360.0,193350.0
2014-07-25,14320.0,14370.0,14400.0,14265.0,102358.0
2014-07-28,14300.0,14330.0,14390.0,14255.0,88246.0
2014-07-29,14375.0,14400.0,14500.0,14340.0,121286.0
2014-07-30,14350.0,14400.0,14430.0,14340.0,48392.0
2014-07-31,14315.0,14380.0,14410.0,14300.0,47254.0
2014-08-01,14335.0,14020.0,14360.0,14010.0,257628.0
2014-08-04,14090.0,14510.0,14565.0,14050.0,352828.0
2014-08-05,14520.0,14640.0,14755.0,14430.0,489206.0
2014-08-06,14610.0,14690.0,14720.0,14540.0,321934.0
2014-08-07,14705.0,14720.0,14775.0,14650.0,244660.0
2014-08-08,14695.0,14705.0,14745.0,14660.0,123476.0
2014-08-11,14720.0,14930.0,14960.0,14705.0,314354.0
2014-08-12,14890.0,14875.0,14950.0,14805.0,241512.0
2014-08-13,14795.0,14765.0,14850.0,14695.0,205186.0
2014-08-14,14890.0,14830.0,14980.0,14760.0,261768.0
2014-08-15,14800.0,14765.0,14840.0,14725.0,156606.0
2014-08-18,14730.0,14445.0,14770.0,14380.0,330898.0
2014-08-19,14430.0,14370.0,14465.0,14355.0,138184.0
2014-08-20,14405.0,14340.0,14500.0,14340.0,164688.0
2014-08-21,14515.0,14460.0,14540.0,14425.0,136214.0
2014-08-22,14430.0,14290.0,14435.0,14190.0,276674.0
2014-08-25,14310.0,14305.0,14370.0,14155.0,159300.0
2014-08-26,14310.0,14535.0,14560.0,14295.0,250950.0
2014-08-27,14535.0,14480.0,14690.0,14465.0,319138.0
2014-08-28,14510.0,14265.0,14560.0,14240.0,295116.0
2014-08-29,14240.0,14225.0,14325.0,14180.0,202688.0
2014-09-01,14210.0,13905.0,14310.0,13895.0,483108.0
2014-09-02,13900.0,13965.0,14095.0,13865.0,367938.0
2014-09-03,13900.0,14040.0,14195.0,13865.0,408190.0
2014-09-04,14065.0,13925.0,14120.0,13910.0,314226.0
2014-09-05,13900.0,13605.0,13920.0,13595.0,452776.0
2014-09-09,13680.0,13645.0,13820.0,13440.0,552682.0
2014-09-10,13720.0,13680.0,13765.0,13575.0,321406.0
2014-09-11,13775.0,13630.0,13775.0,13600.0,282010.0
2014-09-12,13700.0,13580.0,13775.0,13570.0,409002.0
2014-09-15,13540.0,13750.0,13750.0,13510.0,336064.0
2014-09-16,13645.0,13665.0,13740.0,13605.0,305418.0
2014-09-17,13690.0,13910.0,13915.0,13590.0,503926.0
2014-09-18,13800.0,13520.0,13860.0,13495.0,683790.0
2014-09-19,13550.0,13110.0,13550.0,13110.0,675882.0
2014-09-22,13095.0,12960.0,13180.0,12805.0,744524.0
2014-09-23,12930.0,13205.0,13295.0,12820.0,979150.0
2014-09-24,13210.0,12800.0,13270.0,12800.0,1199276.0
2014-09-25,12790.0,12865.0,12890.0,12470.0,1238398.0
2014-09-26,12890.0,13170.0,13170.0,12790.0,660340.0
2014-09-29,13300.0,13615.0,13840.0,12995.0,1436706.0
2014-09-30,13575.0,13345.0,13575.0,13265.0,817862.0
2014-10-08,13630.0,13455.0,13700.0,13360.0,470868.0
2014-10-09,13460.0,13295.0,13540.0,13030.0,1317664.0
2014-10-10,13240.0,13365.0,13425.0,13150.0,834366.0
2014-10-13,13410.0,13570.0,13665.0,13410.0,626170.0
2014-10-14,13620.0,13710.0,13765.0,13495.0,710726.0
2014-10-15,13620.0,13605.0,13750.0,13535.0,716174.0
2014-10-16,13530.0,13750.0,13750.0,13465.0,707434.0
2014-10-17,13800.0,13750.0,13960.0,13690.0,745188.0
2014-10-20,13900.0,13985.0,14000.0,13815.0,690642.0
2014-10-21,13950.0,13905.0,14100.0,13850.0,722568.0
2014-10-22,13900.0,13845.0,13935.0,13795.0,409126.0
2014-10-23,13800.0,13760.0,13890.0,13755.0,375940.0
2014-10-24,13790.0,13830.0,13860.0,13725.0,266614.0
2014-10-27,13800.0,13550.0,13845.0,13505.0,463162.0
2014-10-28,13550.0,13580.0,13660.0,13480.0,399522.0
2014-10-29,13640.0,13715.0,13760.0,13585.0,278318.0
2014-10-30,13675.0,13705.0,13895.0,13655.0,348888.0
2014-10-31,13640.0,13610.0,13640.0,13520.0,272438.0
2014-11-03,13545.0,13420.0,13585.0,13390.0,320220.0
2014-11-04,13450.0,13475.0,13550.0,13405.0,253270.0
2014-11-05,13340.0,13335.0,13440.0,13290.0,199730.0
2014-11-06,13370.0,13430.0,13460.0,13310.0,170742.0
2014-11-07,13450.0,13420.0,13475.0,13390.0,124428.0
2014-11-10,13405.0,13465.0,13540.0,13405.0,119570.0
2014-11-11,13340.0,13430.0,13475.0,13330.0,128992.0
2014-11-12,13295.0,13315.0,13355.0,13240.0,228728.0
2014-11-13,13200.0,13220.0,13265.0,13170.0,232338.0
2014-11-14,13050.0,13005.0,13080.0,12900.0,384632.0
2014-11-17,13020.0,12750.0,13075.0,12735.0,576456.0
2014-11-18,12770.0,12890.0,12915.0,12735.0,474128.0
2014-11-19,12900.0,12815.0,12940.0,12785.0,265912.0
2014-11-20,12760.0,12620.0,12815.0,12560.0,664734.0
2014-11-21,12655.0,12590.0,12670.0,12590.0,250638.0
2014-11-24,12595.0,12390.0,12615.0,12355.0,480934.0
2014-11-25,12350.0,12770.0,12860.0,12320.0,1077638.0
2014-11-26,12700.0,12550.0,12725.0,12520.0,477944.0
2014-11-27,12620.0,12860.0,12895.0,12600.0,779278.0
2014-11-28,12790.0,12800.0,12910.0,12735.0,524042.0
2014-12-01,12700.0,12710.0,12845.0,12640.0,508622.0
2014-12-02,12745.0,12755.0,12815.0,12670.0,373422.0
2014-12-03,12740.0,12850.0,12885.0,12715.0,493070.0
2014-12-04,12820.0,13030.0,13150.0,12820.0,786942.0
2014-12-05,13080.0,13090.0,13140.0,13010.0,359796.0
2014-12-08,13010.0,13045.0,13105.0,12970.0,341028.0
2014-12-09,12990.0,12835.0,12990.0,12785.0,466694.0
2014-12-10,12880.0,12930.0,13060.0,12830.0,404262.0
2014-12-11,12880.0,12950.0,12965.0,12850.0,214588.0
2014-12-12,13005.0,13170.0,13215.0,13000.0,564410.0
2014-12-15,13175.0,13095.0,13210.0,13025.0,264678.0
2014-12-16,13120.0,13020.0,13150.0,12955.0,272280.0
2014-12-17,12970.0,12870.0,13005.0,12800.0,382976.0
2014-12-18,12865.0,12835.0,12960.0,12745.0,296258.0
2014-12-19,12855.0,12845.0,12890.0,12785.0,202578.0
2014-12-22,12825.0,12835.0,12890.0,12810.0,103716.0
2014-12-23,12870.0,12865.0,12950.0,12830.0,229630.0
2014-12-24,12850.0,12935.0,12950.0,12740.0,354230.0
2014-12-25,12900.0,13135.0,13155.0,12870.0,470984.0
2014-12-26,13125.0,13040.0,13145.0,13030.0,241642.0
2014-12-29,13050.0,13175.0,13310.0,13020.0,360164.0
2014-12-30,13170.0,13350.0,13370.0,13130.0,346810.0
2014-12-31,13330.0,13260.0,13405.0,13230.0,255628.0
2015-01-05,13040.0,13030.0,13080.0,12890.0,247762.0
2015-01-06,13020.0,13110.0,13150.0,13015.0,174140.0
2015-01-07,13120.0,13070.0,13210.0,13050.0,193080.0
2015-01-08,13080.0,13145.0,13180.0,13035.0,174134.0
2015-01-09,13165.0,13110.0,13190.0,13080.0,132142.0
2015-01-12,13130.0,13085.0,13150.0,13055.0,143944.0
2015-01-13,13050.0,12910.0,13080.0,12905.0,284468.0
2015-01-14,12900.0,12890.0,12970.0,12860.0,199174.0
2015-01-15,12875.0,12970.0,12995.0,12860.0,203934.0
2015-01-16,12970.0,13125.0,13245.0,12970.0,274904.0
2015-01-19,13105.0,13140.0,13165.0,13060.0,162822.0
2015-01-20,13125.0,13105.0,13190.0,13075.0,130830.0
2015-01-21,13110.0,13005.0,13130.0,12950.0,269822.0
2015-01-22,13025.0,13025.0,13095.0,12990.0,151908.0
2015-01-23,13030.0,13025.0,13070.0,12910.0,257488.0
2015-01-26,13005.0,12920.0,13075.0,12910.0,207560.0
2015-01-27,12930.0,13000.0,13135.0,12870.0,262644.0
2015-01-28,13015.0,13135.0,13140.0,12995.0,183894.0
2015-01-29,13120.0,13220.0,13275.0,13085.0,375236.0
2015-01-30,13200.0,13090.0,13225.0,13085.0,204904.0
2015-02-02,13075.0,13085.0,13120.0,13040.0,140726.0
2015-02-03,13105.0,13160.0,13215.0,13090.0,177896.0
2015-02-04,13200.0,13325.0,13365.0,13155.0,404418.0
2015-02-05,13320.0,13135.0,13320.0,13125.0,271384.0
2015-02-06,13140.0,13210.0,13260.0,13140.0,153080.0
2015-02-09,13200.0,13235.0,13250.0,13150.0,147530.0
2015-02-10,13205.0,13260.0,13330.0,13205.0,185404.0
2015-02-11,13270.0,13230.0,13310.0,13180.0,158004.0
2015-02-12,13190.0,13185.0,13230.0,13150.0,106242.0
2015-02-13,13185.0,13275.0,13325.0,13185.0,160548.0
2015-02-16,13280.0,13300.0,13350.0,13255.0,98728.0
2015-02-17,13300.0,13310.0,13380.0,13290.0,75946.0
2015-02-25,13375.0,13330.0,13400.0,13270.0,83962.0
2015-02-26,13315.0,13445.0,13480.0,13310.0,243882.0
2015-02-27,13430.0,13405.0,13470.0,13375.0,164392.0
2015-03-02,13400.0,13370.0,13445.0,13330.0,144482.0
2015-03-03,13370.0,13225.0,13400.0,13100.0,299020.0
2015-03-04,13175.0,13180.0,13230.0,13160.0,74804.0
2015-03-05,13180.0,13160.0,13205.0,13145.0,80892.0
2015-03-06,13120.0,13160.0,13220.0,13120.0,70578.0
2015-03-09,13135.0,13110.0,13160.0,13060.0,134626.0
2015-03-10,13110.0,13075.0,13120.0,13065.0,51594.0
2015-03-11,13085.0,13065.0,13085.0,13020.0,50992.0
2015-03-12,13055.0,13145.0,13285.0,13055.0,93044.0
2015-03-13,13150.0,13140.0,13170.0,13120.0,29896.0
2015-03-16,13150.0,13135.0,13155.0,13075.0,46882.0
2015-03-17,13125.0,13090.0,13150.0,13085.0,31910.0
2015-03-18,13090.0,13020.0,13090.0,13010.0,51140.0
2015-03-19,13010.0,12980.0,13145.0,12955.0,79592.0
2015-03-20,13255.0,13180.0,13265.0,13130.0,79946.0
2015-03-23,13185.0,13310.0,13315.0,13170.0,106198.0
2015-03-24,13330.0,13335.0,13420.0,13310.0,102982.0
2015-03-25,13350.0,13245.0,13355.0,13235.0,70298.0
2015-03-26,13210.0,13210.0,13245.0,13140.0,102452.0
2015-03-27,13200.0,13280.0,13285.0,13100.0,114536.0
2015-03-30,13290.0,13170.0,13295.0,13160.0,106962.0
2015-03-31,13170.0,13085.0,13210.0,13075.0,103924.0
2015-04-01,13055.0,13005.0,13135.0,12935.0,160262.0
2015-04-02,12995.0,13000.0,13095.0,12970.0,106078.0
2015-04-03,13040.0,12955.0,13080.0,12925.0,104306.0
2015-04-07,13010.0,12905.0,13045.0,12835.0,126044.0
2015-04-08,12920.0,13045.0,13085.0,12840.0,214656.0
2015-04-09,13060.0,13035.0,13135.0,12995.0,153918.0
2015-04-10,13040.0,12925.0,13040.0,12885.0,118456.0
2015-04-13,12900.0,12955.0,12975.0,12850.0,117696.0
2015-04-14,12950.0,12985.0,13015.0,12920.0,113018.0
2015-04-15,13000.0,12955.0,13045.0,12925.0,90630.0
2015-04-16,12970.0,13070.0,13090.0,12950.0,138032.0
2015-04-17,13050.0,13020.0,13095.0,12980.0,95304.0
2015-04-20,13030.0,13040.0,13065.0,12990.0,79368.0
2015-04-21,13015.0,13095.0,13120.0,13015.0,143962.0
2015-04-22,13080.0,13320.0,13355.0,13075.0,416086.0
2015-04-23,13320.0,13100.0,13355.0,13025.0,372798.0
2015-04-24,13130.0,13230.0,13255.0,13125.0,220906.0
2015-04-27,13280.0,13435.0,13495.0,13210.0,478196.0
2015-04-28,13445.0,13410.0,13530.0,13355.0,328326.0
2015-04-29,13420.0,13360.0,13565.0,13305.0,532132.0
2015-04-30,13400.0,13405.0,13500.0,13350.0,281782.0
2015-05-04,13350.0,13605.0,13610.0,13350.0,301408.0
2015-05-05,13605.0,13520.0,13640.0,13425.0,423980.0
2015-05-06,13530.0,13535.0,13590.0,13485.0,315662.0
2015-05-07,13515.0,13355.0,13575.0,13340.0,326006.0
2015-05-08,13335.0,13255.0,13335.0,13210.0,288158.0
2015-05-11,13275.0,13325.0,13370.0,13255.0,186934.0
2015-05-12,13250.0,13180.0,13290.0,13150.0,281486.0
2015-05-13,13180.0,13155.0,13215.0,13135.0,122556.0
2015-05-14,13175.0,13235.0,13250.0,13155.0,187152.0
2015-05-15,13260.0,13245.0,13315.0,13235.0,197652.0
2015-05-18,13235.0,13275.0,13290.0,13225.0,84558.0
2015-05-19,13250.0,13140.0,13275.0,13140.0,149254.0
2015-05-20,13095.0,13005.0,13130.0,13000.0,161934.0
2015-05-21,13010.0,13070.0,13115.0,12995.0,103596.0
2015-05-22,13090.0,13020.0,13125.0,13010.0,106344.0
2015-05-25,13015.0,12980.0,13045.0,12935.0,138848.0
2015-05-26,13000.0,13050.0,13180.0,12980.0,158842.0
2015-05-27,13105.0,13060.0,13120.0,13035.0,97892.0
2015-05-28,13060.0,13070.0,13115.0,13045.0,100106.0
2015-05-29,13075.0,13120.0,13150.0,13035.0,111030.0
2015-06-01,13160.0,13125.0,13200.0,13050.0,152420.0
2015-06-02,13140.0,13085.0,13155.0,13065.0,84648.0
2015-06-03,13080.0,13110.0,13135.0,13080.0,105564.0
2015-06-04,13115.0,13070.0,13140.0,13055.0,101698.0
2015-06-05,13060.0,13055.0,13095.0,13020.0,80288.0
2015-06-08,13035.0,13045.0,13060.0,12995.0,51744.0
2015-06-09,13050.0,13040.0,13070.0,13025.0,49114.0
2015-06-10,13040.0,13050.0,13070.0,13030.0,42934.0
2015-06-11,13050.0,12845.0,13060.0,12810.0,159428.0
2015-06-12,12860.0,12740.0,12870.0,12690.0,193274.0
2015-06-15,12740.0,12680.0,12820.0,12670.0,107556.0
2015-06-16,12690.0,12725.0,12725.0,12660.0,62490.0
2015-06-17,12730.0,12755.0,12780.0,12670.0,74092.0
2015-06-18,12750.0,12710.0,12780.0,12695.0,53102.0
2015-06-19,12715.0,12715.0,12760.0,12625.0,93468.0
2015-06-23,12730.0,12725.0,12795.0,12715.0,34264.0
2015-06-24,12705.0,12730.0,12740.0,12700.0,36440.0
2015-06-25,12720.0,12700.0,12770.0,12695.0,39652.0
2015-06-26,12705.0,12755.0,12770.0,12695.0,66308.0
2015-06-29,12775.0,12795.0,12855.0,12770.0,86712.0
2015-06-30,12795.0,12740.0,12810.0,12695.0,74700.0
2015-07-01,12730.0,12850.0,12920.0,12725.0,86684.0
2015-07-02,13290.0,13290.0,13305.0,13255.0,37424.0
2015-07-03,13285.0,13315.0,13355.0,13280.0,85524.0
2015-07-06,13320.0,13175.0,13320.0,13160.0,92574.0
2015-07-07,13160.0,13065.0,13215.0,13050.0,114920.0
2015-07-08,13020.0,12610.0,13055.0,12610.0,229600.0
2015-07-09,12510.0,12910.0,12995.0,12310.0,226260.0
2015-07-10,12940.0,12965.0,13080.0,12850.0,176730.0
2015-07-13,12990.0,12855.0,13015.0,12830.0,86970.0
2015-07-14,12840.0,12765.0,12890.0,12710.0,119976.0
2015-07-15,12780.0,12715.0,12790.0,12655.0,95276.0
2015-07-16,12690.0,12665.0,12725.0,12630.0,61252.0
2015-07-17,12660.0,12660.0,12720.0,12640.0,44036.0
2015-07-20,12635.0,12725.0,12765.0,12520.0,107220.0
2015-07-21,12730.0,12725.0,12775.0,12690.0,57264.0
2015-07-22,12725.0,12695.0,12755.0,12670.0,49562.0
2015-07-23,12685.0,12690.0,12730.0,12660.0,49430.0
2015-07-24,12700.0,12745.0,12790.0,12670.0,97754.0
2015-07-27,12770.0,12710.0,12780.0,12690.0,72040.0
2015-07-28,12680.0,12805.0,12810.0,12680.0,105540.0
2015-07-29,12800.0,12760.0,12805.0,12735.0,84622.0
2015-07-30,12745.0,12750.0,12770.0,12715.0,52000.0
2015-07-31,12745.0,12635.0,12760.0,12600.0,117466.0
2015-08-03,12630.0,12670.0,12720.0,12620.0,88050.0
2015-08-04,12650.0,12630.0,12680.0,12540.0,136728.0
2015-08-05,12655.0,12540.0,12655.0,12540.0,73640.0
2015-08-06,12550.0,12385.0,12570.0,12315.0,205216.0
2015-08-07,12365.0,12415.0,12440.0,12365.0,116928.0
2015-08-10,12405.0,12385.0,12450.0,12295.0,112916.0
2015-08-11,12370.0,12455.0,12540.0,12365.0,128398.0
2015-08-12,12440.0,12435.0,12480.0,12400.0,71046.0
2015-08-13,12450.0,12665.0,12700.0,12440.0,225766.0
2015-08-14,12700.0,12605.0,12730.0,12600.0,134750.0
2015-08-17,12620.0,12665.0,12670.0,12600.0,76070.0
2015-08-18,12695.0,12610.0,12695.0,12595.0,64844.0
2015-08-19,12610.0,12750.0,12765.0,12535.0,224422.0
2015-08-20,12755.0,12665.0,12780.0,12620.0,126018.0
2015-08-21,12670.0,12545.0,12720.0,12545.0,102996.0
2015-08-24,12550.0,12480.0,12560.0,12370.0,226292.0
2015-08-25,12400.0,12415.0,12470.0,12340.0,156492.0
2015-08-26,12455.0,12360.0,12480.0,12350.0,91454.0
2015-08-27,12320.0,12455.0,12455.0,12320.0,100500.0
2015-08-28,12460.0,12415.0,12585.0,12405.0,126460.0
2015-08-31,12395.0,12360.0,12440.0,12355.0,76934.0
2015-09-01,12350.0,12460.0,12520.0,12340.0,139716.0
2015-09-02,12450.0,12485.0,12515.0,12405.0,85258.0
2015-09-07,12445.0,12505.0,12565.0,12445.0,70822.0
2015-09-08,12525.0,12485.0,12525.0,12430.0,65476.0
2015-09-09,12510.0,12550.0,12595.0,12495.0,121288.0
2015-09-10,12560.0,12595.0,12620.0,12510.0,102724.0
2015-09-11,12600.0,12550.0,12640.0,12515.0,93284.0
2015-09-14,12530.0,12520.0,12560.0,12490.0,48502.0
2015-09-15,12530.0,12515.0,12580.0,12480.0,82320.0
2015-09-16,12515.0,12475.0,12520.0,12420.0,103324.0
2015-09-17,12475.0,12440.0,12490.0,12435.0,46060.0
2015-09-18,12450.0,12400.0,12485.0,12400.0,49744.0
2015-09-21,12405.0,12395.0,12425.0,12340.0,85290.0
2015-09-22,12360.0,12370.0,12425.0,12355.0,65710.0
2015-09-23,12370.0,12485.0,12485.0,12360.0,138158.0
2015-09-24,12475.0,12525.0,12525.0,12450.0,89332.0
2015-09-25,12535.0,12375.0,12535.0,12375.0,151282.0
2015-09-28,12340.0,12140.0,12365.0,12095.0,272784.0
2015-09-29,12115.0,12180.0,12235.0,12115.0,130292.0
2015-09-30,12200.0,12270.0,12280.0,12160.0,96632.0
2015-10-08,12355.0,12255.0,12400.0,12245.0,90362.0
2015-10-09,12245.0,12225.0,12285.0,12110.0,207368.0
2015-10-12,12250.0,12195.0,12285.0,12180.0,105180.0
2015-10-13,12175.0,12210.0,12230.0,12140.0,101286.0
2015-10-14,12220.0,12235.0,12305.0,12150.0,120382.0
2015-10-15,12240.0,12045.0,12255.0,12030.0,133800.0
2015-10-16,12055.0,11955.0,12070.0,11935.0,199654.0
2015-10-19,11945.0,11865.0,11975.0,11810.0,167330.0
2015-10-20,11870.0,11910.0,11950.0,11855.0,101834.0
2015-10-21,11930.0,11940.0,11980.0,11850.0,136546.0
2015-10-22,11660.0,11705.0,11780.0,11590.0,112838.0
2015-10-23,11720.0,11740.0,11795.0,11545.0,211226.0
2015-10-26,11715.0,11705.0,11745.0,11625.0,87392.0
2015-10-27,11685.0,11755.0,11765.0,11645.0,91196.0
2015-10-28,11770.0,11705.0,11785.0,11680.0,90996.0
2015-10-29,11690.0,11700.0,11725.0,11570.0,180254.0
2015-10-30,11690.0,11740.0,11780.0,11655.0,132230.0
2015-11-02,11760.0,11820.0,11850.0,11665.0,167868.0
2015-11-03,11805.0,11750.0,11825.0,11730.0,87540.0
2015-11-04,11750.0,11770.0,11810.0,11700.0,116014.0
2015-11-05,11755.0,11685.0,11805.0,11650.0,124160.0
2015-11-06,11675.0,11625.0,11695.0,11590.0,153022.0
2015-11-09,11675.0,11735.0,11765.0,11640.0,114370.0
2015-11-10,11735.0,11790.0,11800.0,11710.0,93874.0
2015-11-11,11795.0,11745.0,11830.0,11710.0,90620.0
2015-11-12,11740.0,11765.0,11800.0,11685.0,121978.0
2015-11-13,11750.0,11865.0,11930.0,11750.0,146244.0
2015-11-16,11860.0,11845.0,11920.0,11820.0,142746.0
2015-11-17,11860.0,11995.0,12000.0,11785.0,210744.0
2015-11-18,11995.0,11970.0,12010.0,11925.0,164210.0
2015-11-19,11980.0,11845.0,11995.0,11840.0,221086.0
2015-11-20,11840.0,11925.0,11955.0,11800.0,235810.0
2015-11-23,11895.0,11835.0,11945.0,11815.0,143904.0
2015-11-24,11820.0,11875.0,11890.0,11745.0,186162.0
2015-11-25,11865.0,11820.0,11920.0,11755.0,235078.0
2015-11-26,11810.0,11795.0,11900.0,11765.0,236582.0
2015-11-27,11780.0,11660.0,11790.0,11650.0,285928.0
2015-11-30,11645.0,11670.0,11710.0,11635.0,140292.0
2015-12-01,11660.0,11690.0,11855.0,11435.0,524312.0
2015-12-02,11665.0,11710.0,11740.0,11665.0,108558.0
2015-12-03,11685.0,11555.0,11700.0,11550.0,147996.0
2015-12-04,11535.0,11560.0,11605.0,11515.0,102542.0
2015-12-07,11580.0,11635.0,11635.0,11550.0,88130.0
2015-12-08,11630.0,11440.0,11630.0,11420.0,163726.0
2015-12-09,11420.0,11465.0,11495.0,11400.0,88370.0
2015-12-10,11485.0,11295.0,11485.0,11280.0,214152.0
2015-12-11,11285.0,11430.0,11435.0,11280.0,134472.0
2015-12-14,11410.0,11440.0,11465.0,11325.0,124044.0
2015-12-15,11405.0,11400.0,11445.0,11365.0,88234.0
2015-12-16,11390.0,11450.0,11480.0,11380.0,89494.0
2015-12-17,11445.0,11365.0,11450.0,11350.0,134604.0
2015-12-18,11345.0,11390.0,11430.0,11340.0,94966.0
2015-12-21,11390.0,11530.0,11540.0,11355.0,186624.0
2015-12-22,11510.0,11495.0,11530.0,11465.0,103392.0
2015-12-23,11490.0,11385.0,11520.0,11375.0,153660.0
2015-12-24,11380.0,11395.0,11420.0,11350.0,131130.0
2015-12-25,11420.0,11480.0,11495.0,11385.0,149984.0
2015-12-28,11470.0,11455.0,11510.0,11430.0,113312.0
2015-12-29,11445.0,11470.0,11520.0,11415.0,198612.0
2015-12-30,11470.0,11425.0,11500.0,11385.0,194014.0
2015-12-31,11420.0,11400.0,11430.0,11365.0,129076.0
2016-01-04,11410.0,11280.0,11445.0,11125.0,177808.0
2016-01-05,11275.0,11200.0,11295.0,11180.0,146416.0
2016-01-06,11200.0,11320.0,11350.0,11185.0,219414.0
2016-01-07,11305.0,11335.0,11360.0,11270.0,143916.0
2016-01-08,11310.0,11315.0,11385.0,11280.0,118988.0
2016-01-11,11315.0,11280.0,11345.0,11255.0,95608.0
2016-01-12,11295.0,11280.0,11315.0,11230.0,77734.0
2016-01-13,11280.0,11310.0,11350.0,11275.0,101350.0
2016-01-14,11305.0,11305.0,11340.0,11290.0,65470.0
2016-01-15,11295.0,11215.0,11305.0,11190.0,156428.0
2016-01-18,11205.0,11200.0,11245.0,11165.0,115348.0
2016-01-19,11205.0,11270.0,11285.0,11200.0,103898.0
2016-01-20,11280.0,11375.0,11415.0,11270.0,248062.0
2016-01-21,11355.0,11380.0,11395.0,11345.0,80958.0
2016-01-22,11380.0,11420.0,11445.0,11330.0,112738.0
2016-01-25,11425.0,11415.0,11480.0,11380.0,55476.0
2016-01-26,11395.0,11420.0,11445.0,11395.0,58822.0
2016-01-27,11425.0,11450.0,11470.0,11400.0,57896.0
2016-01-28,11445.0,11405.0,11475.0,11395.0,48442.0
2016-01-29,11400.0,11375.0,11440.0,11355.0,69040.0
2016-02-01,11385.0,11375.0,11395.0,11360.0,44622.0
2016-02-02,11385.0,11470.0,11505.0,11340.0,103664.0
2016-02-03,10880.0,10715.0,10880.0,10680.0,114332.0
2016-02-04,10710.0,10590.0,10755.0,10570.0,94706.0
2016-02-05,10535.0,10565.0,10680.0,10535.0,97084.0
2016-02-15,10485.0,10390.0,10495.0,10370.0,94426.0
2016-02-16,10390.0,10485.0,10500.0,10385.0,119874.0
2016-02-17,10495.0,10530.0,10570.0,10470.0,111692.0
2016-02-18,10530.0,10565.0,10595.0,10505.0,79068.0
2016-02-19,10560.0,10460.0,10575.0,10440.0,153268.0
2016-02-22,10440.0,10505.0,10565.0,10440.0,141444.0
2016-02-23,10510.0,10485.0,10550.0,10455.0,144190.0
2016-02-24,10480.0,10325.0,10500.0,10290.0,235958.0
2016-02-25,10330.0,10160.0,10330.0,10035.0,413552.0
2016-02-26,10155.0,10080.0,10205.0,10065.0,201882.0
2016-02-29,10075.0,9990.0,10145.0,9975.0,268786.0
2016-03-01,10000.0,10045.0,10105.0,9890.0,363740.0
2016-03-02,10060.0,10045.0,10110.0,10000.0,231974.0
2016-03-03,10055.0,10155.0,10215.0,10000.0,342894.0
2016-03-04,10165.0,10235.0,10255.0,10115.0,259056.0
2016-03-07,10240.0,10540.0,10610.0,10220.0,687610.0
2016-03-08,10550.0,10410.0,10640.0,10275.0,514552.0
2016-03-09,10400.0,10290.0,10455.0,10235.0,330476.0
2016-03-10,10300.0,10180.0,10390.0,10165.0,296882.0
2016-03-11,10180.0,10110.0,10180.0,10040.0,336550.0
2016-03-14,10140.0,10115.0,10245.0,10100.0,300680.0
2016-03-15,10095.0,10100.0,10215.0,10080.0,278398.0
2016-03-16,10100.0,10110.0,10155.0,10060.0,237762.0
2016-03-17,10100.0,10185.0,10245.0,10090.0,243394.0
2016-03-18,10185.0,10380.0,10460.0,10185.0,500574.0
2016-03-21,10380.0,10500.0,10510.0,10270.0,491512.0
2016-03-22,10520.0,10450.0,10605.0,10440.0,396126.0
2016-03-23,10435.0,10535.0,10610.0,10410.0,315354.0
2016-03-24,10500.0,10355.0,10560.0,10350.0,302250.0
2016-03-25,10360.0,10420.0,10430.0,10340.0,208124.0
2016-03-28,10440.0,10355.0,10495.0,10350.0,219608.0
2016-03-29,10360.0,10235.0,10430.0,10220.0,292840.0
2016-03-30,10250.0,10295.0,10325.0,10210.0,150764.0
2016-03-31,10320.0,10200.0,10350.0,10120.0,261980.0
2016-04-01,10215.0,10240.0,10270.0,10185.0,169286.0
2016-04-05,10255.0,10315.0,10355.0,10250.0,167668.0
2016-04-06,10335.0,10430.0,10470.0,10320.0,275470.0
2016-04-07,10430.0,10375.0,10450.0,10315.0,214218.0
2016-04-08,10380.0,10395.0,10425.0,10330.0,188040.0
2016-04-11,10445.0,10790.0,10790.0,10440.0,464400.0
2016-04-12,11000.0,10880.0,11010.0,10810.0,613854.0
2016-04-13,10980.0,11325.0,11325.0,10950.0,471990.0
2016-04-14,11565.0,11575.0,11770.0,11345.0,1392538.0
2016-04-15,11470.0,11255.0,11525.0,11190.0,998946.0
2016-04-18,11190.0,11775.0,11775.0,11150.0,877074.0
2016-04-19,12260.0,12175.0,12265.0,12020.0,1379634.0
2016-04-20,12245.0,12650.0,12650.0,12220.0,1530498.0
2016-04-21,12400.0,13355.0,13425.0,12215.0,2333564.0
2016-04-22,13265.0,12840.0,13450.0,12615.0,2864938.0
2016-04-25,12880.0,12810.0,13255.0,12665.0,1619204.0
2016-04-26,12855.0,12940.0,13375.0,12650.0,2479884.0
2016-04-27,12995.0,12805.0,13135.0,12570.0,1285904.0
2016-04-28,12870.0,12350.0,12885.0,12210.0,1142262.0
2016-04-29,12345.0,12555.0,12640.0,12290.0,892932.0
2016-05-03,12615.0,12755.0,12905.0,12545.0,558500.0
2016-05-04,12660.0,12530.0,12680.0,12440.0,571242.0
2016-05-05,12570.0,12565.0,12600.0,12460.0,392690.0
2016-05-06,12620.0,12350.0,12740.0,12230.0,674056.0
2016-05-09,12370.0,12165.0,12485.0,11865.0,733250.0
2016-05-10,12115.0,12240.0,12270.0,12015.0,549446.0
2016-05-11,12280.0,12335.0,12420.0,12175.0,401174.0
2016-05-12,12280.0,12530.0,12695.0,12130.0,732300.0
2016-05-13,12470.0,12300.0,12640.0,12180.0,656946.0
2016-05-16,12305.0,12335.0,12520.0,12205.0,375612.0
2016-05-17,12350.0,12440.0,12475.0,12310.0,322788.0
2016-05-18,12475.0,12550.0,12835.0,12450.0,862128.0
2016-05-19,12580.0,12740.0,12755.0,12525.0,597006.0
2016-05-20,12740.0,12745.0,12885.0,12645.0,455710.0
2016-05-23,12715.0,12390.0,12815.0,12350.0,533178.0
2016-05-24,12385.0,12415.0,12470.0,12260.0,405204.0
2016-05-25,12455.0,12480.0,12650.0,12250.0,481910.0
2016-05-26,12500.0,13035.0,13035.0,12455.0,696486.0
2016-05-27,13055.0,13100.0,13260.0,12855.0,1077118.0
2016-05-30,13055.0,13330.0,13390.0,12965.0,752022.0
2016-05-31,13300.0,12840.0,13375.0,12820.0,661088.0
2016-06-01,12805.0,12575.0,12930.0,12465.0,792096.0
2016-06-02,12620.0,12590.0,12800.0,12530.0,463298.0
2016-06-03,12640.0,12470.0,12740.0,12390.0,544164.0
2016-06-06,12590.0,12675.0,12735.0,12465.0,462032.0
2016-06-07,12765.0,13005.0,13120.0,12735.0,762326.0
2016-06-08,13000.0,12900.0,13025.0,12700.0,469266.0
2016-06-13,12835.0,13025.0,13255.0,12830.0,402220.0
2016-06-14,13035.0,12845.0,13170.0,12810.0,384874.0
2016-06-15,12830.0,12780.0,12925.0,12730.0,348866.0
2016-06-16,12810.0,13000.0,13090.0,12720.0,465724.0
2016-06-17,13000.0,13480.0,13565.0,12835.0,1180982.0
2016-06-20,13530.0,13455.0,13590.0,13300.0,691508.0
2016-06-21,13560.0,13155.0,13590.0,13130.0,424002.0
2016-06-22,13150.0,13345.0,13380.0,13100.0,259316.0
2016-06-23,13350.0,13515.0,13655.0,13310.0,411162.0
2016-06-24,13600.0,13430.0,13805.0,13350.0,537620.0
2016-06-27,13410.0,13700.0,13725.0,13350.0,351284.0
2016-06-28,13700.0,14170.0,14265.0,13665.0,670370.0
2016-06-29,14235.0,14670.0,14670.0,14210.0,971310.0
2016-06-30,14700.0,14725.0,14945.0,14590.0,883582.0
2016-07-01,14740.0,14735.0,14880.0,14465.0,701944.0
2016-07-04,14760.0,15425.0,15425.0,14730.0,873112.0
2016-07-05,15535.0,15000.0,15790.0,14510.0,1208904.0
2016-07-06,14985.0,14875.0,15340.0,14450.0,1188480.0
2016-07-07,14655.0,14910.0,15145.0,14655.0,1103588.0
2016-07-08,14940.0,14350.0,15120.0,14215.0,1176150.0
2016-07-11,14440.0,15045.0,15060.0,14335.0,931096.0
2016-07-12,15100.0,15380.0,15455.0,14975.0,1136932.0
2016-07-13,15345.0,15730.0,16030.0,15115.0,1472122.0
2016-07-14,15730.0,15855.0,15965.0,15510.0,1065150.0
2016-07-15,15855.0,15975.0,16060.0,15750.0,1005784.0
2016-07-18,16100.0,15765.0,16185.0,15460.0,1318568.0
2016-07-19,15895.0,15675.0,15925.0,15495.0,1206644.0
2016-07-20,15670.0,15305.0,15740.0,15020.0,1338872.0
2016-07-21,15280.0,15485.0,15600.0,15195.0,838224.0
2016-07-22,15535.0,15195.0,15795.0,15170.0,1229802.0
2016-07-25,15250.0,15340.0,15445.0,15115.0,827116.0
2016-07-26,15375.0,15450.0,15480.0,15170.0,818438.0
2016-07-27,15430.0,15680.0,15775.0,15370.0,952144.0
2016-07-28,15730.0,14905.0,15795.0,14830.0,1592824.0
2016-07-29,14900.0,14545.0,14975.0,14545.0,1064360.0
2016-08-01,14505.0,14765.0,14920.0,14465.0,899388.0
2016-08-02,14710.0,14700.0,14875.0,14450.0,937584.0
2016-08-03,14710.0,14505.0,14745.0,14320.0,1009318.0
2016-08-04,14520.0,14710.0,14760.0,14355.0,880154.0
2016-08-05,14680.0,15155.0,15175.0,14625.0,1087028.0
2016-08-08,15200.0,14755.0,15265.0,14750.0,949646.0
2016-08-09,14765.0,14690.0,14865.0,14525.0,928986.0
2016-08-10,14585.0,14745.0,14780.0,14450.0,849680.0
2016-08-11,14760.0,14730.0,14870.0,14660.0,561374.0
2016-08-12,14705.0,14660.0,14915.0,14600.0,712808.0
2016-08-15,14655.0,14700.0,14750.0,14525.0,539102.0
2016-08-16,14685.0,14635.0,14745.0,14470.0,743172.0
2016-08-17,14585.0,14770.0,14865.0,14530.0,729584.0
2016-08-18,14755.0,14820.0,14940.0,14625.0,572358.0
2016-08-19,14875.0,14645.0,14920.0,14640.0,455430.0
2016-08-22,14595.0,14520.0,14660.0,14370.0,672446.0
2016-08-23,14530.0,14565.0,14720.0,14505.0,320348.0
2016-08-24,14570.0,14575.0,14670.0,14535.0,276064.0
2016-08-25,14555.0,13980.0,14585.0,13910.0,988818.0
2016-08-26,14020.0,13965.0,14130.0,13885.0,512646.0
2016-08-29,13965.0,13825.0,14045.0,13780.0,425250.0
2016-08-30,13800.0,13850.0,13950.0,13790.0,275180.0
2016-08-31,13830.0,13590.0,13930.0,13545.0,439044.0
2016-09-01,13580.0,13680.0,13710.0,13450.0,308078.0
2016-09-02,13705.0,13790.0,14000.0,13650.0,554490.0
2016-09-05,13825.0,13890.0,13940.0,13790.0,241596.0
2016-09-06,13910.0,14115.0,14160.0,13775.0,488816.0
2016-09-07,14100.0,14075.0,14260.0,14030.0,390564.0
2016-09-08,14095.0,14155.0,14180.0,13980.0,355028.0
2016-09-09,14160.0,14135.0,14175.0,14025.0,235974.0
2016-09-12,14105.0,13870.0,14205.0,13860.0,405048.0
2016-09-13,13880.0,14095.0,14150.0,13815.0,462598.0
2016-09-14,14045.0,14205.0,14220.0,13955.0,443356.0
2016-09-19,14280.0,14745.0,14745.0,14265.0,425504.0
2016-09-20,14765.0,14930.0,14930.0,14655.0,446924.0
2016-09-21,14940.0,14965.0,14980.0,14795.0,400876.0
2016-09-22,14985.0,14910.0,15015.0,14820.0,510614.0
2016-09-23,14925.0,14945.0,14975.0,14755.0,388556.0
2016-09-26,14960.0,15495.0,15535.0,14880.0,736410.0
2016-09-27,15485.0,15465.0,15550.0,15355.0,467190.0
2016-09-28,15455.0,15245.0,15470.0,15195.0,426340.0
2016-09-29,15210.0,15105.0,15405.0,15010.0,657206.0
2016-09-30,15080.0,15180.0,15190.0,14970.0,379214.0
2016-10-10,15700.0,15630.0,15750.0,15440.0,321010.0
2016-10-11,15580.0,15385.0,15720.0,15330.0,476536.0
2016-10-12,15370.0,15240.0,15475.0,15185.0,391872.0
2016-10-13,15205.0,14940.0,15265.0,14920.0,595016.0
2016-10-14,14940.0,15060.0,15180.0,14890.0,319580.0
2016-10-17,15020.0,15165.0,15430.0,15020.0,509610.0
2016-10-18,15180.0,15080.0,15235.0,14985.0,444732.0
2016-10-19,15075.0,14825.0,15260.0,14805.0,610944.0
2016-10-20,14830.0,15005.0,15110.0,14745.0,433352.0
2016-10-21,15040.0,14840.0,15180.0,14795.0,358204.0
2016-10-24,14850.0,14780.0,14910.0,14730.0,334748.0
2016-10-25,14760.0,15085.0,15135.0,14750.0,506040.0
2016-10-26,15100.0,14925.0,15160.0,14850.0,362382.0
2016-10-27,14920.0,15325.0,15350.0,14885.0,685682.0
2016-10-28,15255.0,15195.0,15305.0,15085.0,370654.0
2016-10-31,15165.0,15380.0,15450.0,15135.0,451964.0
2016-11-01,15360.0,15125.0,15390.0,15120.0,352566.0
2016-11-02,15135.0,14920.0,15200.0,14915.0,324164.0
2016-11-03,14950.0,15240.0,15250.0,14930.0,265216.0
2016-11-04,15250.0,15230.0,15430.0,15120.0,420170.0
2016-11-07,15230.0,15335.0,15465.0,15180.0,410796.0
2016-11-08,15335.0,15205.0,15595.0,15100.0,570460.0
2016-11-09,15255.0,15300.0,15470.0,15230.0,470060.0
2016-11-10,15325.0,15595.0,15700.0,15280.0,675848.0
2016-11-11,15620.0,16270.0,16270.0,15575.0,472370.0
2016-11-14,16570.0,15200.0,17005.0,14775.0,1150658.0
2016-11-15,15220.0,15330.0,15630.0,15210.0,303256.0
2016-11-16,15330.0,15895.0,15975.0,15325.0,508568.0
2016-11-17,15860.0,16130.0,16245.0,15825.0,498248.0
2016-11-18,16160.0,16050.0,16215.0,15765.0,338838.0
2016-11-21,16025.0,16380.0,16540.0,15890.0,416212.0
2016-11-22,16335.0,16320.0,16500.0,16100.0,195578.0
2016-11-23,16300.0,16160.0,16325.0,16035.0,153900.0
2016-11-24,16150.0,16180.0,16445.0,16020.0,304080.0
2016-11-25,16100.0,15785.0,16160.0,15650.0,301902.0
2016-11-28,15830.0,16255.0,16265.0,15780.0,375634.0
2016-11-29,16300.0,16000.0,16480.0,15950.0,545268.0
2016-11-30,15945.0,15840.0,16240.0,15730.0,469700.0
2016-12-01,15935.0,15895.0,16215.0,15880.0,433896.0
2016-12-02,15915.0,15670.0,16045.0,15585.0,421006.0
2016-12-05,15695.0,15730.0,15890.0,15630.0,255548.0
2016-12-06,15740.0,15800.0,15960.0,15670.0,291108.0
2016-12-07,15860.0,15890.0,15990.0,15750.0,316178.0
2016-12-08,15950.0,15700.0,15950.0,15690.0,230228.0
2016-12-09,15705.0,15705.0,15800.0,15625.0,260024.0
2016-12-12,15690.0,15860.0,16115.0,15665.0,575960.0
2016-12-13,15850.0,16135.0,16160.0,15825.0,476476.0
2016-12-14,16225.0,15785.0,16235.0,15745.0,439824.0
2016-12-15,15780.0,15810.0,15890.0,15720.0,243508.0
2016-12-16,15790.0,15735.0,15910.0,15715.0,267238.0
2016-12-19,15715.0,15425.0,15765.0,15425.0,308702.0
2016-12-20,15410.0,14905.0,15455.0,14820.0,443870.0
2016-12-21,14980.0,15110.0,15140.0,14900.0,199450.0
2016-12-22,15150.0,15150.0,15350.0,15090.0,343540.0
2016-12-23,15180.0,15150.0,15330.0,15020.0,306330.0
2016-12-26,15150.0,14780.0,15175.0,14605.0,298810.0
2016-12-27,14800.0,14900.0,14940.0,14720.0,145648.0
2016-12-28,14960.0,14835.0,15090.0,14725.0,236102.0
2016-12-29,14835.0,14935.0,14965.0,14760.0,181228.0
2016-12-30,14990.0,15030.0,15080.0,14830.0,210796.0
2017-01-03,15080.0,15085.0,15300.0,14990.0,184116.0
2017-01-04,15120.0,15085.0,15205.0,14885.0,233474.0
2017-01-05,15095.0,15300.0,15405.0,15075.0,298096.0
2017-01-06,15340.0,15185.0,15415.0,15140.0,249582.0
2017-01-09,15185.0,15370.0,15380.0,15120.0,189804.0
2017-01-10,15365.0,15445.0,15450.0,15215.0,212228.0
2017-01-11,15465.0,15385.0,15500.0,15280.0,210756.0
2017-01-12,15365.0,15305.0,15455.0,15285.0,201324.0
2017-01-13,15360.0,15055.0,15395.0,15010.0,292610.0
2017-01-16,15055.0,15105.0,15225.0,15030.0,192140.0
2017-01-17,15105.0,15160.0,15245.0,15030.0,223432.0
2017-01-18,15185.0,15125.0,15280.0,14925.0,277914.0
2017-01-19,15145.0,15295.0,15315.0,15060.0,195280.0
2017-01-20,15325.0,15170.0,15370.0,15170.0,170834.0
2017-01-23,15220.0,15545.0,15545.0,15170.0,253802.0
2017-01-24,15545.0,15685.0,15775.0,15510.0,306190.0
2017-01-25,15625.0,15620.0,15750.0,15555.0,167572.0
2017-01-26,15620.0,15665.0,15735.0,15565.0,95640.0
2017-02-03,15900.0,15965.0,16010.0,15780.0,198548.0
2017-02-06,15855.0,16075.0,16190.0,15855.0,275890.0
2017-02-07,16075.0,15950.0,16095.0,15865.0,184364.0
2017-02-08,15900.0,15865.0,16015.0,15800.0,189848.0
2017-02-09,15855.0,15860.0,15970.0,15815.0,144114.0
2017-02-10,15895.0,15845.0,15995.0,15755.0,220840.0
2017-02-13,15880.0,15950.0,16130.0,15845.0,274950.0
2017-02-14,16015.0,15935.0,16210.0,15840.0,347072.0
2017-02-15,15975.0,15845.0,15995.0,15785.0,199056.0
2017-02-16,15795.0,15670.0,15815.0,15605.0,172478.0
2017-02-17,15660.0,15515.0,15775.0,15490.0,190016.0
2017-02-20,15500.0,15590.0,15600.0,15430.0,126386.0
2017-02-21,15570.0,15650.0,15815.0,15570.0,160428.0
2017-02-22,15665.0,15485.0,15685.0,15460.0,132514.0
2017-02-23,15455.0,15545.0,15600.0,15450.0,137204.0
2017-02-24,15565.0,15900.0,15900.0,15480.0,313538.0
2017-02-27,15905.0,15845.0,15980.0,15780.0,247726.0
2017-02-28,15870.0,15955.0,16090.0,15800.0,285782.0
2017-03-01,15940.0,16010.0,16030.0,15850.0,183016.0
2017-03-02,16010.0,15965.0,16095.0,15880.0,174112.0
2017-03-03,15945.0,15950.0,16040.0,15660.0,257934.0
2017-03-06,15970.0,16430.0,16465.0,15900.0,451468.0
2017-03-07,16405.0,16320.0,16500.0,16235.0,247898.0
2017-03-08,16300.0,15730.0,16345.0,15680.0,438796.0
2017-03-09,15750.0,15565.0,15790.0,15555.0,287026.0
2017-03-10,15565.0,15465.0,15665.0,15285.0,300578.0
2017-03-13,15465.0,15500.0,15615.0,15425.0,189976.0
2017-03-14,15490.0,15255.0,15560.0,15235.0,247626.0
2017-03-15,15275.0,15220.0,15385.0,15170.0,195498.0
2017-03-16,15245.0,15335.0,15410.0,15215.0,148924.0
2017-03-17,15355.0,15215.0,15420.0,15115.0,196422.0
2017-03-20,15250.0,15180.0,15300.0,15140.0,128618.0
2017-03-21,15210.0,15050.0,15250.0,14990.0,181640.0
2017-03-22,15065.0,14960.0,15100.0,14855.0,136664.0
2017-03-23,15000.0,15320.0,15390.0,15000.0,281648.0
2017-03-24,15330.0,15270.0,15330.0,15165.0,107504.0
2017-03-27,15295.0,15015.0,15365.0,14950.0,152116.0
2017-03-28,15005.0,15030.0,15165.0,14960.0,96664.0
2017-03-29,15060.0,15000.0,15120.0,14925.0,123116.0
2017-03-30,14970.0,14745.0,15035.0,14730.0,150466.0
2017-03-31,15275.0,15350.0,15545.0,15260.0,167356.0
2017-04-05,15230.0,15430.0,15495.0,15150.0,113178.0
2017-04-06,15425.0,15355.0,15650.0,15300.0,155676.0
2017-04-07,15360.0,15485.0,15540.0,15280.0,183438.0
2017-04-10,15465.0,15690.0,15715.0,15420.0,248416.0
2017-04-11,15705.0,15635.0,15745.0,15585.0,152660.0
2017-04-12,15605.0,15700.0,15710.0,15415.0,234576.0
2017-04-13,15720.0,15835.0,15855.0,15610.0,200738.0
2017-04-14,15810.0,15745.0,15845.0,15600.0,167934.0
2017-04-17,15715.0,15655.0,15800.0,15630.0,127268.0
2017-04-18,15690.0,15875.0,15960.0,15645.0,250436.0
2017-04-19,15875.0,15950.0,15960.0,15720.0,173268.0
2017-04-20,15980.0,16025.0,16085.0,15850.0,315556.0
2017-04-21,16000.0,16120.0,16140.0,15950.0,207252.0
2017-04-24,16095.0,16000.0,16100.0,15915.0,202018.0
2017-04-25,16000.0,15810.0,16015.0,15795.0,183586.0
2017-04-26,15780.0,16070.0,16125.0,15735.0,253580.0
2017-04-27,16060.0,16125.0,16230.0,16015.0,183176.0
2017-04-28,16060.0,15875.0,16075.0,15820.0,218966.0
2017-05-02,15950.0,15965.0,16035.0,15910.0,93702.0
2017-05-03,15950.0,16120.0,16185.0,15875.0,229006.0
2017-05-04,16090.0,16155.0,16225.0,16005.0,263402.0
2017-05-05,16200.0,15815.0,16200.0,15810.0,294964.0
2017-05-08,15830.0,15500.0,15875.0,15450.0,391836.0
2017-05-09,15470.0,15515.0,15595.0,15455.0,117708.0
2017-05-10,15530.0,15515.0,15670.0,15390.0,194718.0
2017-05-11,15535.0,15495.0,15570.0,15380.0,164256.0
2017-05-12,15510.0,15780.0,15780.0,15450.0,217252.0
2017-05-15,15960.0,16230.0,16290.0,15925.0,531666.0
2017-05-16,16485.0,16190.0,16540.0,16055.0,499380.0
2017-05-17,16140.0,16140.0,16205.0,15955.0,268684.0
2017-05-18,16130.0,15735.0,16250.0,15735.0,342072.0
2017-05-19,15700.0,15810.0,15950.0,15700.0,186728.0
2017-05-22,15780.0,15680.0,15995.0,15675.0,242884.0
2017-05-23,15700.0,15715.0,15780.0,15635.0,161592.0
2017-05-24,15655.0,15905.0,15910.0,15615.0,214698.0
2017-05-25,15900.0,15830.0,15950.0,15700.0,172548.0
2017-05-26,15830.0,15705.0,15890.0,15640.0,173740.0
2017-05-31,15665.0,15440.0,15735.0,15425.0,159782.0
2017-06-01,15430.0,15290.0,15575.0,15255.0,217272.0
2017-06-02,15330.0,15385.0,15550.0,15330.0,155852.0
2017-06-05,15375.0,15325.0,15465.0,15195.0,216712.0
2017-06-06,15360.0,15305.0,15385.0,15235.0,126326.0
2017-06-07,15315.0,15380.0,15480.0,15285.0,134416.0
2017-06-08,15390.0,15680.0,15695.0,15335.0,204766.0
2017-06-09,15650.0,15625.0,15690.0,15555.0,131940.0
2017-06-12,15625.0,15310.0,15660.0,15285.0,207554.0
2017-06-13,15310.0,15195.0,15365.0,15180.0,194156.0
2017-06-14,15170.0,15285.0,15325.0,15065.0,212088.0
2017-06-15,15270.0,15160.0,15315.0,15085.0,132228.0
2017-06-16,15075.0,15135.0,15275.0,15065.0,151754.0
2017-06-19,15100.0,15235.0,15260.0,15055.0,117598.0
2017-06-20,15200.0,15180.0,15230.0,14985.0,223992.0
2017-06-21,15145.0,15215.0,15285.0,15100.0,143644.0
2017-06-22,15245.0,15130.0,15305.0,15110.0,128052.0
2017-06-23,15110.0,15250.0,15285.0,15105.0,126808.0
2017-06-26,15240.0,15345.0,15400.0,15220.0,141178.0
2017-06-27,15315.0,15165.0,15370.0,15115.0,175784.0
2017-06-28,15190.0,14845.0,15250.0,14840.0,275638.0
2017-06-29,14860.0,14830.0,14960.0,14800.0,234942.0
2017-06-30,14870.0,14935.0,15000.0,14840.0,138590.0
2017-07-03,14970.0,15040.0,15175.0,14805.0,210316.0
2017-07-04,15010.0,15015.0,15055.0,14900.0,125242.0
2017-07-05,15015.0,14975.0,15055.0,14735.0,260642.0
2017-07-06,14900.0,14930.0,14950.0,14845.0,117210.0
2017-07-07,14980.0,15045.0,15090.0,14915.0,141036.0
2017-07-10,15050.0,15170.0,15280.0,14980.0,191602.0
2017-07-11,15155.0,14950.0,15195.0,14905.0,169672.0
2017-07-12,14980.0,15140.0,15225.0,14955.0,175084.0
2017-07-13,15150.0,15195.0,15245.0,15105.0,156206.0
2017-07-14,15180.0,15280.0,15305.0,15025.0,191092.0
2017-07-17,15250.0,15430.0,15435.0,15225.0,124688.0
2017-07-18,15390.0,15550.0,15600.0,15385.0,167012.0
2017-07-19,15545.0,15610.0,15690.0,15435.0,131614.0
2017-07-20,15600.0,15585.0,15610.0,15480.0,95580.0
2017-07-21,15620.0,15125.0,15640.0,15115.0,268184.0
2017-07-24,15105.0,15015.0,15145.0,14995.0,164670.0
2017-07-25,14990.0,15025.0,15115.0,14965.0,116114.0
2017-07-26,15045.0,14870.0,15060.0,14855.0,138368.0
2017-07-27,14850.0,14890.0,14930.0,14820.0,74394.0
2017-07-28,14980.0,14590.0,14990.0,14560.0,196836.0
2017-07-31,14645.0,14635.0,14720.0,14570.0,108400.0
2017-08-01,14635.0,14755.0,14920.0,14635.0,133760.0
2017-08-02,14780.0,15020.0,15025.0,14720.0,116998.0
2017-08-03,15110.0,15025.0,15165.0,15010.0,138762.0
2017-08-04,15010.0,15120.0,15140.0,14965.0,135864.0
2017-08-07,15135.0,15100.0,15200.0,14860.0,214392.0
2017-08-08,15085.0,15330.0,15380.0,15065.0,311362.0
2017-08-09,15330.0,15320.0,15415.0,15120.0,295556.0
2017-08-10,15320.0,15440.0,15490.0,15270.0,258304.0
2017-08-11,15385.0,15295.0,15435.0,15030.0,313796.0
2017-08-14,15295.0,15370.0,15540.0,15215.0,294680.0
2017-08-15,15375.0,15255.0,15375.0,15210.0,168268.0
2017-08-16,15235.0,15145.0,15250.0,15130.0,123800.0
2017-08-17,15175.0,15230.0,15310.0,15110.0,198270.0
2017-08-18,15245.0,15215.0,15330.0,15160.0,155050.0
2017-08-21,15190.0,15260.0,15355.0,15160.0,200296.0
2017-08-22,15245.0,15360.0,15415.0,15235.0,195154.0
2017-08-23,15400.0,15330.0,15445.0,15280.0,192420.0
2017-08-24,15350.0,15225.0,15425.0,15170.0,199408.0
2017-08-25,15200.0,15265.0,15345.0,15200.0,131632.0
2017-08-28,15240.0,15350.0,15370.0,15175.0,221076.0
2017-08-29,15365.0,15290.0,15415.0,15255.0,171062.0
2017-08-30,15280.0,15220.0,15330.0,15190.0,135730.0
2017-08-31,15260.0,15230.0,15330.0,15210.0,138806.0
2017-09-01,15265.0,15310.0,15390.0,15240.0,178270.0
2017-09-04,15345.0,15820.0,15975.0,15325.0,496488.0
2017-09-05,15810.0,15910.0,15910.0,15680.0,289488.0
2017-09-06,15995.0,15825.0,16015.0,15800.0,310308.0
2017-09-07,15830.0,15840.0,15945.0,15750.0,182652.0
2017-09-08,15850.0,15560.0,15875.0,15550.0,267684.0
2017-09-11,15590.0,15630.0,15820.0,15560.0,300136.0
2017-09-12,15535.0,15640.0,15675.0,15500.0,121790.0
2017-09-13,15615.0,15500.0,15730.0,15405.0,235326.0
2017-09-14,15500.0,15360.0,15550.0,15360.0,154516.0
2017-09-15,15370.0,15305.0,15435.0,15300.0,129550.0
2017-09-18,15335.0,15335.0,15385.0,15205.0,115654.0
2017-09-19,15445.0,15360.0,15445.0,15350.0,80806.0
2017-09-20,15375.0,15630.0,15640.0,15360.0,172004.0
2017-09-21,15600.0,15415.0,15615.0,15415.0,131572.0
2017-09-22,15435.0,15405.0,15550.0,15355.0,175936.0
2017-09-25,15430.0,15475.0,15520.0,15385.0,114742.0
2017-09-26,15480.0,15615.0,15650.0,15450.0,152206.0
2017-09-27,15570.0,15340.0,15595.0,15330.0,174852.0
2017-09-28,15340.0,15090.0,15375.0,15060.0,204816.0
2017-09-29,15120.0,15100.0,15230.0,15080.0,104974.0
2017-10-09,15155.0,15080.0,15175.0,14955.0,91572.0
2017-10-10,15090.0,15095.0,15190.0,15060.0,78970.0
2017-10-11,15160.0,15120.0,15180.0,15070.0,75782.0
2017-10-12,15130.0,15045.0,15135.0,14995.0,100620.0
2017-10-13,15040.0,15065.0,15125.0,15010.0,104060.0
2017-10-16,15080.0,15220.0,15265.0,15060.0,130230.0
2017-10-17,15175.0,15185.0,15215.0,15125.0,63198.0
2017-10-18,15170.0,15155.0,15250.0,15130.0,81074.0
2017-10-19,15165.0,15030.0,15170.0,15020.0,100464.0
2017-10-20,15010.0,14970.0,15035.0,14890.0,156274.0
2017-10-23,14975.0,14960.0,15020.0,14850.0,112544.0
2017-10-24,15000.0,15035.0,15095.0,14995.0,126970.0
2017-10-25,15050.0,15050.0,15070.0,15025.0,64592.0
2017-10-26,15060.0,15025.0,15120.0,15015.0,88426.0
2017-10-27,15000.0,14950.0,15010.0,14920.0,84032.0
2017-10-30,14965.0,14965.0,15080.0,14900.0,99356.0
2017-10-31,14985.0,14970.0,14990.0,14910.0,67550.0
2017-11-01,14955.0,14975.0,15060.0,14940.0,78966.0
2017-11-02,14965.0,15050.0,15075.0,14965.0,85066.0
2017-11-03,15030.0,15175.0,15180.0,15020.0,132338.0
2017-11-06,15175.0,15175.0,15195.0,15125.0,100262.0
2017-11-07,15180.0,15250.0,15260.0,15155.0,119210.0
2017-11-08,15225.0,15180.0,15260.0,15155.0,80606.0
2017-11-09,15195.0,15170.0,15225.0,15090.0,108398.0
2017-11-10,15175.0,15190.0,15220.0,15135.0,91988.0
2017-11-13,15165.0,15200.0,15310.0,15100.0,171994.0
2017-11-14,15195.0,15150.0,15260.0,15140.0,88028.0
2017-11-15,15150.0,15040.0,15190.0,15005.0,108494.0
2017-11-16,15045.0,15040.0,15085.0,15030.0,48716.0
2017-11-17,15060.0,15035.0,15075.0,15005.0,61390.0
2017-11-20,15055.0,14935.0,15060.0,14920.0,100292.0
2017-11-21,14935.0,14930.0,15030.0,14855.0,118150.0
2017-11-22,14950.0,14885.0,15010.0,14850.0,124408.0
2017-11-23,14885.0,14880.0,14960.0,14820.0,84986.0
2017-11-24,14885.0,14910.0,14940.0,14860.0,56538.0
2017-11-27,14890.0,15005.0,15015.0,14890.0,107034.0
2017-11-28,15165.0,15195.0,15215.0,15125.0,129488.0
2017-11-29,15200.0,15140.0,15280.0,15140.0,125110.0
2017-11-30,15135.0,15310.0,15325.0,15130.0,181808.0
2017-12-01,15295.0,15460.0,15485.0,15270.0,268186.0
2017-12-04,15435.0,15455.0,15500.0,15400.0,155938.0
2017-12-05,15430.0,15415.0,15460.0,15350.0,118288.0
2017-12-06,15410.0,15410.0,15480.0,15315.0,166348.0
2017-12-07,15415.0,15305.0,15475.0,15245.0,199072.0
2017-12-08,15290.0,15480.0,15495.0,15255.0,244610.0
2017-12-11,15470.0,15140.0,15480.0,15115.0,286318.0
2017-12-12,15155.0,15090.0,15185.0,15080.0,122050.0
2017-12-13,15100.0,15065.0,15165.0,15030.0,101616.0
2017-12-14,15095.0,15015.0,15170.0,15000.0,147640.0
2017-12-15,15050.0,15060.0,15145.0,15030.0,126186.0
2017-12-18,15105.0,15130.0,15200.0,15085.0,172474.0
2017-12-19,15105.0,14895.0,15120.0,14875.0,223742.0
2017-12-20,14910.0,14830.0,14945.0,14800.0,194516.0
2017-12-21,14845.0,14875.0,14920.0,14825.0,116902.0
2017-12-22,14915.0,14930.0,14985.0,14880.0,128842.0
2017-12-25,14955.0,14980.0,14990.0,14905.0,109852.0
2017-12-26,14960.0,14960.0,14980.0,14850.0,131304.0
2017-12-27,14985.0,14980.0,15075.0,14930.0,100752.0
2017-12-28,14965.0,15040.0,15070.0,14960.0,116412.0
2017-12-29,15050.0,14945.0,15105.0,14900.0,157698.0
2018-01-02,14910.0,15040.0,15045.0,14910.0,69604.0
2018-01-03,15060.0,14960.0,15075.0,14930.0,95006.0
2018-01-04,14970.0,15010.0,15035.0,14935.0,88420.0
2018-01-05,15010.0,15170.0,15180.0,15010.0,186280.0
2018-01-08,15170.0,15175.0,15190.0,15090.0,149242.0
2018-01-09,15180.0,15245.0,15250.0,15155.0,134594.0
2018-01-10,15255.0,15250.0,15280.0,15185.0,98494.0
2018-01-11,15245.0,15285.0,15285.0,15200.0,92968.0
2018-01-12,15295.0,15450.0,15510.0,15270.0,338790.0
2018-01-15,15410.0,15280.0,15455.0,15215.0,228480.0
2018-01-16,15265.0,15230.0,15300.0,15200.0,105248.0
2018-01-17,15220.0,15150.0,15295.0,15135.0,111214.0
2018-01-18,15185.0,15515.0,15560.0,15165.0,447734.0
2018-01-19,15500.0,15290.0,15520.0,15260.0,283582.0
2018-01-22,15315.0,15520.0,15545.0,15300.0,261528.0
2018-01-23,15505.0,15570.0,15630.0,15440.0,453990.0
2018-01-24,15545.0,15495.0,15610.0,15485.0,196576.0
2018-01-25,15470.0,15515.0,15585.0,15455.0,158630.0
2018-01-26,15505.0,15520.0,15635.0,15415.0,235834.0
2018-01-29,15520.0,15400.0,15565.0,15380.0,162002.0
2018-01-30,15380.0,15255.0,15405.0,15235.0,244430.0
2018-01-31,15260.0,15195.0,15300.0,15150.0,213458.0
2018-02-01,15185.0,15165.0,15245.0,15150.0,116638.0
2018-02-02,15195.0,15195.0,15245.0,15180.0,106508.0
2018-02-05,15215.0,15080.0,15220.0,15060.0,154934.0
2018-02-06,15075.0,15050.0,15115.0,15035.0,89930.0
2018-02-07,15050.0,15055.0,15125.0,15025.0,90978.0
2018-02-08,15070.0,14945.0,15080.0,14930.0,126488.0
2018-02-09,14965.0,14880.0,15015.0,14880.0,113640.0
2018-02-12,14900.0,14885.0,14940.0,14840.0,85068.0
2018-02-13,14920.0,14865.0,14935.0,14860.0,62436.0
2018-02-14,14880.0,14900.0,14995.0,14845.0,84074.0
2018-02-22,15030.0,14980.0,15065.0,14955.0,57674.0
2018-02-23,15000.0,15080.0,15090.0,14985.0,91212.0
2018-02-26,15090.0,15245.0,15260.0,15065.0,140310.0
2018-02-27,15245.0,15190.0,15255.0,15160.0,91904.0
2018-02-28,15195.0,15195.0,15230.0,15145.0,76110.0
2018-03-01,15200.0,15245.0,15270.0,15195.0,116012.0
2018-03-02,15220.0,15175.0,15270.0,15090.0,137908.0
2018-03-05,15180.0,15360.0,15390.0,15175.0,205794.0
2018-03-06,15345.0,15425.0,15460.0,15305.0,195746.0
2018-03-07,15480.0,15220.0,15485.0,15100.0,175714.0
2018-03-08,15210.0,15125.0,15260.0,15050.0,148468.0
2018-03-09,15165.0,15230.0,15255.0,15150.0,131400.0
2018-03-12,15220.0,15085.0,15235.0,15085.0,145616.0
2018-03-13,15070.0,15060.0,15095.0,14980.0,143606.0
2018-03-14,15080.0,15000.0,15120.0,14990.0,107488.0
2018-03-15,15000.0,15005.0,15065.0,14930.0,146588.0
2018-03-16,14980.0,14945.0,15020.0,14930.0,78358.0
2018-03-19,14975.0,14920.0,14990.0,14910.0,104920.0
2018-03-20,14925.0,14920.0,14975.0,14905.0,106820.0
2018-03-21,14910.0,15010.0,15045.0,14905.0,109678.0
2018-03-22,15015.0,15050.0,15075.0,14975.0,104898.0
2018-03-23,15035.0,14955.0,15055.0,14850.0,196564.0
2018-03-26,15495.0,15495.0,15505.0,15360.0,127174.0
2018-03-27,15485.0,15480.0,15550.0,15435.0,104566.0
2018-03-28,15475.0,15290.0,15520.0,15215.0,283686.0
2018-03-29,15285.0,15245.0,15335.0,15220.0,127914.0
2018-03-30,15285.0,15315.0,15360.0,15220.0,122754.0
2018-04-02,15290.0,15270.0,15390.0,15255.0,148204.0
2018-04-03,15275.0,15260.0,15315.0,15200.0,153394.0
2018-04-04,15260.0,15240.0,15270.0,15135.0,187962.0
2018-04-09,15310.0,15275.0,15350.0,15225.0,86236.0
2018-04-10,15300.0,15295.0,15315.0,15255.0,96864.0
2018-04-11,15275.0,15335.0,15385.0,15270.0,141842.0
2018-04-12,15325.0,15285.0,15380.0,15280.0,103286.0
2018-04-13,15295.0,15400.0,15415.0,15235.0,167430.0
2018-04-16,15385.0,15390.0,15430.0,15340.0,128740.0
2018-04-17,15385.0,15365.0,15440.0,15305.0,164604.0
2018-04-18,15370.0,15350.0,15370.0,15275.0,122806.0
2018-04-19,15345.0,15390.0,15400.0,15330.0,155420.0
2018-04-20,15370.0,15360.0,15475.0,15350.0,212346.0
2018-04-23,15400.0,15460.0,15485.0,15400.0,190552.0
2018-04-24,15455.0,15415.0,15490.0,15405.0,113464.0
2018-04-25,15415.0,15335.0,15415.0,15330.0,123452.0
2018-04-26,15330.0,15400.0,15400.0,15330.0,96446.0
2018-04-27,15415.0,15395.0,15440.0,15340.0,83504.0
2018-05-02,15415.0,15435.0,15520.0,15390.0,127592.0
2018-05-03,15450.0,15565.0,15595.0,15435.0,231138.0
2018-05-04,15555.0,15575.0,15625.0,15525.0,162962.0
2018-05-07,15545.0,15730.0,15775.0,15530.0,236368.0
2018-05-08,15750.0,15720.0,15790.0,15675.0,156650.0
2018-05-09,15705.0,15650.0,15760.0,15610.0,152360.0
2018-05-10,15660.0,15705.0,15730.0,15630.0,110256.0
2018-05-11,15690.0,15670.0,15760.0,15645.0,169918.0
2018-05-14,16400.0,16470.0,16510.0,16390.0,95402.0
2018-05-15,16435.0,16380.0,16475.0,16280.0,130612.0
2018-05-16,16360.0,17050.0,17050.0,16325.0,447840.0
2018-05-17,17085.0,17045.0,17180.0,16665.0,749498.0
2018-05-18,17010.0,17540.0,17640.0,16970.0,1229238.0
2018-05-21,17600.0,18105.0,18105.0,17385.0,1404558.0
2018-05-22,18070.0,17865.0,18185.0,17780.0,1189858.0
2018-05-23,17905.0,17640.0,18020.0,17305.0,1606014.0
2018-05-24,17650.0,17840.0,17860.0,17435.0,1752456.0
2018-05-25,17905.0,17930.0,18040.0,17760.0,1732492.0
2018-05-28,17920.0,17870.0,17965.0,17675.0,1082606.0
2018-05-29,17890.0,18555.0,18555.0,17795.0,1163796.0
2018-05-30,18850.0,18705.0,19250.0,18570.0,2252672.0
2018-05-31,18590.0,18650.0,18995.0,18550.0,1792772.0
2018-06-01,18650.0,18815.0,18835.0,18500.0,1433706.0
2018-06-04,18855.0,18335.0,19210.0,18300.0,2724398.0
2018-06-05,18370.0,17980.0,18435.0,17980.0,1541492.0
2018-06-06,17680.0,17645.0,17875.0,17400.0,1884956.0
2018-06-07,17705.0,17730.0,17875.0,17550.0,1377614.0
2018-06-08,17695.0,17625.0,17840.0,17535.0,1247690.0
2018-06-11,17625.0,17795.0,17935.0,17420.0,1497534.0
2018-06-12,17800.0,17705.0,17880.0,17565.0,859294.0
2018-06-13,17740.0,18090.0,18360.0,17650.0,1449924.0
2018-06-14,18040.0,17570.0,18160.0,17540.0,1162624.0
2018-06-15,17595.0,17550.0,17790.0,17510.0,869142.0
2018-06-19,17505.0,16745.0,17790.0,16745.0,1397340.0
2018-06-20,16650.0,16885.0,17000.0,16615.0,905368.0
2018-06-21,16910.0,16890.0,17100.0,16760.0,823342.0
2018-06-22,16920.0,16935.0,17030.0,16850.0,572928.0
2018-06-25,16955.0,16975.0,17235.0,16895.0,837540.0
2018-06-26,16955.0,16830.0,16990.0,16680.0,501584.0
2018-06-27,16850.0,16815.0,16930.0,16760.0,421108.0
2018-06-28,16850.0,16690.0,16930.0,16620.0,568674.0
2018-06-29,16670.0,16735.0,16840.0,16605.0,412248.0
2018-07-02,16735.0,16715.0,16910.0,16705.0,478368.0
2018-07-03,16695.0,16680.0,16740.0,16490.0,536460.0
2018-07-04,16730.0,16455.0,16730.0,16440.0,361020.0
2018-07-05,16465.0,16220.0,16490.0,16045.0,568644.0
2018-07-06,16245.0,16300.0,16370.0,16070.0,502904.0
2018-07-09,16300.0,16525.0,16575.0,16250.0,486882.0
2018-07-10,16575.0,16510.0,16720.0,16475.0,442242.0
2018-07-11,16525.0,16470.0,16660.0,16330.0,467322.0
2018-07-12,16480.0,16725.0,16800.0,16465.0,477618.0
2018-07-13,16740.0,16800.0,17040.0,16630.0,569272.0
2018-07-16,16800.0,16860.0,16915.0,16725.0,333828.0
2018-07-17,16865.0,16690.0,16865.0,16530.0,397988.0
2018-07-18,16705.0,16675.0,16750.0,16630.0,224140.0
2018-07-19,16695.0,16765.0,16835.0,16640.0,348636.0
2018-07-20,16710.0,16690.0,16820.0,16650.0,275546.0
2018-07-23,16670.0,16580.0,16725.0,16485.0,328146.0
2018-07-24,16590.0,16700.0,16705.0,16540.0,244498.0
2018-07-25,16690.0,16855.0,16970.0,16660.0,442758.0
2018-07-26,16860.0,16780.0,16960.0,16775.0,290698.0
2018-07-27,16780.0,16735.0,16915.0,16715.0,274450.0
2018-07-30,16720.0,16770.0,16810.0,16655.0,275272.0
2018-07-31,16815.0,17155.0,17320.0,16805.0,862908.0
2018-08-01,17130.0,16995.0,17205.0,16935.0,541780.0
2018-08-02,17020.0,16875.0,17170.0,16750.0,577888.0
2018-08-03,16845.0,16940.0,17095.0,16825.0,422264.0
2018-08-06,16905.0,17155.0,17180.0,16780.0,473020.0
2018-08-07,17120.0,17310.0,17490.0,17085.0,681466.0
2018-08-08,17250.0,17245.0,17365.0,17155.0,427454.0
2018-08-09,17220.0,17280.0,17555.0,17195.0,634042.0
2018-08-10,17310.0,17310.0,17375.0,17220.0,381172.0
2018-08-13,17320.0,17015.0,17430.0,16915.0,477602.0
2018-08-14,16995.0,16905.0,17050.0,16850.0,362734.0
2018-08-15,16910.0,16690.0,17045.0,16660.0,424416.0
2018-08-16,16700.0,16645.0,16750.0,16220.0,555466.0
2018-08-17,16660.0,16510.0,16745.0,16460.0,287772.0
2018-08-20,16510.0,16825.0,16865.0,16495.0,312016.0
2018-08-21,16815.0,16955.0,16970.0,16720.0,375472.0
2018-08-22,17000.0,16925.0,17145.0,16885.0,380520.0
2018-08-23,16915.0,16725.0,16975.0,16710.0,305024.0
2018-08-24,16720.0,16875.0,16930.0,16685.0,244450.0
2018-08-27,16905.0,17110.0,17190.0,16820.0,597384.0
2018-08-28,17100.0,16980.0,17175.0,16910.0,356958.0
2018-08-29,16995.0,16760.0,17110.0,16750.0,380706.0
2018-08-30,16735.0,16795.0,16820.0,16690.0,249626.0
2018-08-31,16815.0,16695.0,16825.0,16570.0,266662.0
2018-09-03,16700.0,16875.0,16930.0,16545.0,304746.0
2018-09-04,16830.0,16585.0,16870.0,16585.0,239618.0
2018-09-05,16575.0,16675.0,16780.0,16570.0,200768.0
2018-09-06,16675.0,16615.0,16765.0,16555.0,273384.0
2018-09-07,16615.0,16495.0,16690.0,16480.0,270708.0
2018-09-10,16500.0,16625.0,16670.0,16485.0,206094.0
2018-09-11,16660.0,16580.0,16720.0,16550.0,155416.0
2018-09-12,16580.0,16615.0,16650.0,16505.0,146160.0
2018-09-13,16650.0,16605.0,16670.0,16545.0,115548.0
2018-09-14,16595.0,16500.0,16660.0,16480.0,215110.0
2018-09-17,16500.0,16510.0,16610.0,16450.0,162266.0
2018-09-18,16510.0,16435.0,16580.0,16335.0,207852.0
2018-09-19,16355.0,15920.0,16355.0,15830.0,529104.0
2018-09-20,15965.0,16175.0,16180.0,15945.0,235536.0
2018-09-21,16170.0,16135.0,16175.0,16060.0,141898.0
2018-09-25,16085.0,16015.0,16110.0,15965.0,116046.0
2018-09-26,16015.0,16015.0,16070.0,15935.0,124580.0
2018-09-27,16020.0,15665.0,16020.0,15645.0,327056.0
2018-09-28,15670.0,15665.0,15735.0,15550.0,188042.0
2018-10-08,15460.0,15595.0,15625.0,15360.0,166416.0
2018-10-09,15600.0,15590.0,15730.0,15540.0,241514.0
2018-10-10,15590.0,15500.0,15690.0,15455.0,200732.0
2018-10-11,15500.0,15290.0,15595.0,15260.0,268176.0
2018-10-12,15320.0,15610.0,15620.0,15305.0,199382.0
